NewFilename,OriginalDiepFile
ALCHAM00.RMB-10-building1.json,diep-116-00.json
ALCHAM00.RMB-10-building2.json,diep-125-04.json
ALCHAM00.RMB-10-building3.json,diep-126-00.json
ALCHAM00.RMB-10-building4.json,diep-125-09.json
ALCHAM00.RMB-10-building5.json,diep-127-01.json
ALCHAM00.RMB-10-building6.json,diep-116-00.json
ALCHAM00.RMB-10-building7.json,diep-132-01.json
ALCHAM00.RMB-10-building9.json,diep-136-00.json
ALCHAM00.RMB-10-building10.json,diep-125-06.json
ALCHAM00.RMB-10-building11.json,diep-127-07.json
ALCHAM00.RMB-10-building12.json,diep-124-04.json
ALCHAM00.RMB-10-building13.json,diep-125-01.json
ALCHAM00.RMB-10-building14.json,diep-117-01.json
ALCHAM01.RMB-1209-building3.json,diep-116-00.json
ALCHAM01.RMB-1209-building4.json,diep-117-01.json
ALCHAM01.RMB-1209-building5.json,diep-124-06.json
ALCHAM01.RMB-1209-building6.json,diep-140-00.json
ALCHAM01.RMB-1209-building7.json,diep-421-00.json
ALCHAM01.RMB-1209-building8.json,diep-421-00.json
ALCHAM01.RMB-1209-building9.json,diep-125-04.json
ALCHAM01.RMB-1209-building10.json,diep-116-00.json
ALCHAM01.RMB-1209-building11.json,diep-137-01.json
ALCHAM01.RMB-1209-building12.json,diep-124-07.json
ALCHAM01.RMB-1209-building13.json,diep-125-00.json
ALCHAM01.RMB-1209-building14.json,diep-421-00.json
ALCHAM02.RMB-28-building1.json,diep-339-02.json
ALCHAM02.RMB-28-building2.json,diep-138-01.json
ALCHAM02.RMB-28-building3.json,diep-141-01.json
ALCHAM02.RMB-28-building4.json,diep-143-00.json
ALCHAM02.RMB-28-building5.json,diep-143-05.json
ALCHAM02.RMB-28-building6.json,diep-334-00.json
ALCHAM02.RMB-28-building7.json,diep-125-08.json
ALCHAM02.RMB-28-building8.json,diep-337-04.json
ALCHAM02.RMB-28-building9.json,diep-138-01.json
ALCHAM02.RMB-28-building10.json,diep-143-00.json
ALCHAM02.RMB-28-building11.json,diep-125-01.json
ALCHAM02.RMB-28-building13.json,diep-125-01.json
ALCHAM02.RMB-28-building14.json,diep-340-00.json
ALCHAM02.RMB-28-building15.json,diep-143-04.json
ALCHBM00.RMB-7-building1.json,diep-538-01.json
ALCHBM00.RMB-7-building2.json,diep-538-01.json
ALCHBM00.RMB-7-building4.json,diep-549-00.json
ALCHBM00.RMB-7-building5.json,diep-549-00.json
ALCHBM00.RMB-7-building10.json,diep-538-01.json
ALCHBM01.RMB-396-building1.json,diep-548-01.json
ALCHBM01.RMB-396-building2.json,diep-548-01.json
ALCHBM01.RMB-396-building3.json,diep-539-00.json
ALCHBM01.RMB-396-building4.json,diep-539-00.json
ALCHBM01.RMB-396-building7.json,diep-606-01.json
ALCHBM01.RMB-396-building9.json,diep-606-00.json
ALCHGM00.RMB-90-building1.json,diep-538-00.json
ALCHGM00.RMB-90-building2.json,diep-538-00.json
ALCHGM00.RMB-90-building4.json,diep-549-00.json
ALCHGM00.RMB-90-building5.json,diep-549-00.json
ALCHGM00.RMB-90-building10.json,diep-538-01.json
ALCHGM01.RMB-38-building1.json,diep-548-01.json
ALCHGM01.RMB-38-building2.json,diep-548-00.json
ALCHGM01.RMB-38-building3.json,diep-539-01.json
ALCHGM01.RMB-38-building4.json,diep-539-01.json
ALCHGM01.RMB-38-building7.json,diep-606-00.json
ALCHGM01.RMB-38-building9.json,diep-606-00.json
ARMRAM00.RMB-762-building1.json,diep-116-00.json
ARMRAM00.RMB-762-building3.json,diep-125-09.json
ARMRAM00.RMB-762-building4.json,diep-125-07.json
ARMRAM00.RMB-762-building5.json,diep-129-01.json
ARMRAM00.RMB-762-building6.json,diep-116-00.json
ARMRAM00.RMB-762-building7.json,diep-125-07.json
ARMRAM00.RMB-762-building8.json,diep-131-02.json
ARMRAM00.RMB-762-building9.json,diep-137-00.json
ARMRAM00.RMB-762-building10.json,diep-129-01.json
ARMRAM00.RMB-762-building11.json,diep-137-01.json
ARMRAM00.RMB-762-building12.json,diep-137-00.json
ARMRAM00.RMB-762-building13.json,diep-129-01.json
ARMRAM00.RMB-762-building15.json,diep-116-00.json
ARMRAM01.RMB-174-building1.json,diep-141-00.json
ARMRAM01.RMB-174-building2.json,diep-137-00.json
ARMRAM01.RMB-174-building3.json,diep-127-10.json
ARMRAM01.RMB-174-building4.json,diep-330-00.json
ARMRAM01.RMB-174-building5.json,diep-137-01.json
ARMRAM01.RMB-174-building6.json,diep-146-00.json
ARMRAM01.RMB-174-building7.json,diep-149-03.json
ARMRAM01.RMB-174-building8.json,diep-117-00.json
ARMRAM01.RMB-174-building9.json,diep-137-02.json
ARMRAM01.RMB-174-building11.json,diep-130-04.json
ARMRAM01.RMB-174-building12.json,diep-141-01.json
ARMRAM01.RMB-174-building13.json,diep-144-02.json
ARMRAM01.RMB-174-building14.json,diep-130-02.json
ARMRAM02.RMB-766-building3.json,diep-338-00.json
ARMRAM02.RMB-766-building4.json,diep-339-03.json
ARMRAM02.RMB-766-building6.json,diep-337-02.json
ARMRAM02.RMB-766-building7.json,diep-421-00.json
ARMRAM02.RMB-766-building10.json,diep-340-00.json
ARMRAM02.RMB-766-building11.json,diep-337-03.json
ARMRAM02.RMB-766-building12.json,diep-338-00.json
ARMRAM02.RMB-766-building14.json,diep-421-00.json
ARMRAM03.RMB-765-building0.json,diep-334-00.json
ARMRAM03.RMB-765-building1.json,diep-334-01.json
ARMRAM03.RMB-765-building2.json,diep-338-02.json
ARMRAM03.RMB-765-building4.json,diep-211-00.json
ARMRAM03.RMB-765-building5.json,diep-340-01.json
ARMRAM03.RMB-765-building6.json,diep-337-03.json
ARMRAM03.RMB-765-building7.json,diep-338-01.json
ARMRAM03.RMB-765-building8.json,diep-116-00.json
ARMRAM03.RMB-765-building9.json,diep-215-01.json
ARMRAM03.RMB-765-building10.json,diep-213-00.json
ARMRAM03.RMB-765-building11.json,diep-212-02.json
ARMRAM03.RMB-765-building12.json,diep-340-01.json
ARMRAM03.RMB-765-building13.json,diep-334-01.json
ARMRBM00.RMB-1281-building0.json,diep-547-01.json
ARMRBM00.RMB-1281-building1.json,diep-610-00.json
ARMRBM00.RMB-1281-building3.json,diep-544-00.json
ARMRBM00.RMB-1281-building4.json,diep-610-00.json
ARMRBM00.RMB-1281-building5.json,diep-547-00.json
ARMRBM00.RMB-1281-building6.json,diep-547-00.json
ARMRBM00.RMB-1281-building8.json,diep-560-00.json
ARMRBM00.RMB-1281-building9.json,diep-560-00.json
ARMRBM00.RMB-1281-building10.json,diep-610-00.json
ARMRBM00.RMB-1281-building13.json,diep-704-02.json
ARMRBM01.RMB-717-building1.json,diep-658-04.json
ARMRBM01.RMB-717-building2.json,diep-658-03.json
ARMRBM01.RMB-717-building3.json,diep-608-00.json
ARMRBM01.RMB-717-building4.json,diep-601-00.json
ARMRBM01.RMB-717-building5.json,diep-601-00.json
ARMRBM01.RMB-717-building6.json,diep-560-00.json
ARMRBM01.RMB-717-building9.json,diep-552-00.json
ARMRGM00.RMB-558-building0.json,diep-547-00.json
ARMRGM00.RMB-558-building1.json,diep-610-00.json
ARMRGM00.RMB-558-building3.json,diep-544-01.json
ARMRGM00.RMB-558-building4.json,diep-610-00.json
ARMRGM00.RMB-558-building5.json,diep-547-00.json
ARMRGM00.RMB-558-building6.json,diep-547-00.json
ARMRGM00.RMB-558-building8.json,diep-560-00.json
ARMRGM00.RMB-558-building9.json,diep-560-00.json
ARMRGM00.RMB-558-building10.json,diep-610-00.json
ARMRGM00.RMB-558-building13.json,diep-704-00.json
ARMRGM01.RMB-223-building1.json,diep-658-03.json
ARMRGM01.RMB-223-building2.json,diep-658-02.json
ARMRGM01.RMB-223-building3.json,diep-608-00.json
ARMRGM01.RMB-223-building4.json,diep-601-00.json
ARMRGM01.RMB-223-building5.json,diep-601-00.json
ARMRGM01.RMB-223-building6.json,diep-560-00.json
ARMRGM01.RMB-223-building9.json,diep-552-00.json
BANKAM00.RMB-785-building0.json,diep-204-02.json
BANKAM00.RMB-785-building1.json,diep-127-00.json
BANKAM00.RMB-785-building2.json,diep-326-03.json
BANKAM00.RMB-785-building3.json,diep-125-01.json
BANKAM00.RMB-785-building4.json,diep-116-00.json
BANKAM00.RMB-785-building5.json,diep-211-01.json
BANKAM00.RMB-785-building6.json,diep-201-00.json
BANKAM00.RMB-785-building7.json,diep-326-01.json
BANKAM00.RMB-785-building8.json,diep-117-01.json
BANKAM00.RMB-785-building9.json,diep-214-00.json
BANKAM00.RMB-785-building10.json,diep-204-02.json
BANKAM00.RMB-785-building11.json,diep-203-02.json
BANKAM00.RMB-785-building12.json,diep-204-04.json
BANKAM00.RMB-785-building13.json,diep-127-03.json
BANKAM00.RMB-785-building14.json,diep-125-07.json
BANKAM01.RMB-772-building0.json,diep-143-00.json
BANKAM01.RMB-772-building1.json,diep-212-01.json
BANKAM01.RMB-772-building2.json,diep-201-05.json
BANKAM01.RMB-772-building3.json,diep-147-03.json
BANKAM01.RMB-772-building4.json,diep-145-00.json
BANKAM01.RMB-772-building5.json,diep-213-02.json
BANKAM01.RMB-772-building6.json,diep-209-05.json
BANKAM01.RMB-772-building7.json,diep-203-02.json
BANKAM01.RMB-772-building8.json,diep-202-00.json
BANKAM01.RMB-772-building9.json,diep-147-02.json
BANKAM01.RMB-772-building10.json,diep-145-01.json
BANKAM01.RMB-772-building11.json,diep-143-01.json
BANKAM01.RMB-772-building12.json,diep-139-02.json
BANKAM02.RMB-1201-building0.json,diep-127-07.json
BANKAM02.RMB-1201-building1.json,diep-125-06.json
BANKAM02.RMB-1201-building2.json,diep-117-01.json
BANKAM02.RMB-1201-building3.json,diep-339-01.json
BANKAM02.RMB-1201-building4.json,diep-337-03.json
BANKAM02.RMB-1201-building5.json,diep-125-10.json
BANKAM02.RMB-1201-building6.json,diep-326-00.json
BANKAM02.RMB-1201-building7.json,diep-129-01.json
BANKAM02.RMB-1201-building8.json,diep-125-03.json
BANKAM02.RMB-1201-building9.json,diep-336-00.json
BANKAM02.RMB-1201-building10.json,diep-326-03.json
BANKAM02.RMB-1201-building11.json,diep-117-01.json
BANKAM02.RMB-1201-building12.json,diep-340-00.json
BANKAM02.RMB-1201-building13.json,diep-339-00.json
BANKAM02.RMB-1201-building14.json,diep-332-01.json
BANKBM00.RMB-748-building1.json,diep-547-01.json
BANKBM00.RMB-748-building2.json,diep-551-00.json
BANKBM00.RMB-748-building7.json,diep-562-00.json
BANKBM00.RMB-748-building9.json,diep-547-00.json
BANKBM01.RMB-670-building1.json,diep-705-02.json
BANKBM01.RMB-670-building2.json,diep-704-01.json
BANKBM01.RMB-670-building4.json,diep-608-00.json
BANKBM01.RMB-670-building6.json,diep-563-00.json
BANKBM01.RMB-670-building7.json,diep-563-00.json
BANKBM01.RMB-670-building9.json,diep-559-01.json
BANKBM01.RMB-670-building10.json,diep-563-00.json
BOOKAM00.RMB-476-building2.json,diep-130-02.json
BOOKAM00.RMB-476-building3.json,diep-125-00.json
BOOKAM00.RMB-476-building4.json,diep-125-07.json
BOOKAM00.RMB-476-building5.json,diep-130-03.json
BOOKAM00.RMB-476-building6.json,diep-125-09.json
BOOKAM00.RMB-476-building7.json,diep-136-00.json
BOOKAM00.RMB-476-building8.json,diep-129-01.json
BOOKAM01.RMB-821-building3.json,diep-326-05.json
BOOKAM01.RMB-821-building4.json,diep-330-00.json
BOOKAM01.RMB-821-building5.json,diep-337-02.json
BOOKAM01.RMB-821-building6.json,diep-339-02.json
BOOKAM01.RMB-821-building7.json,diep-340-00.json
BOOKAM01.RMB-821-building8.json,diep-326-00.json
BOOKAM01.RMB-821-building9.json,diep-329-00.json
BOOKAM01.RMB-821-building10.json,diep-330-00.json
BOOKAM01.RMB-821-building12.json,diep-337-03.json
BOOKAM01.RMB-821-building13.json,diep-321-00.json
BOOKAM02.RMB-483-building3.json,diep-124-05.json
BOOKAM02.RMB-483-building4.json,diep-138-01.json
BOOKAM02.RMB-483-building5.json,diep-143-01.json
BOOKAM02.RMB-483-building6.json,diep-149-02.json
BOOKAM02.RMB-483-building7.json,diep-211-03.json
BOOKAM02.RMB-483-building8.json,diep-212-01.json
BOOKAM02.RMB-483-building10.json,diep-124-02.json
BOOKAM02.RMB-483-building11.json,diep-214-01.json
BOOKAM03.RMB-486-building0.json,diep-129-01.json
BOOKAM03.RMB-486-building1.json,diep-129-01.json
BOOKAM03.RMB-486-building2.json,diep-150-00.json
BOOKAM03.RMB-486-building3.json,diep-143-00.json
BOOKAM03.RMB-486-building4.json,diep-141-03.json
BOOKAM03.RMB-486-building5.json,diep-201-02.json
BOOKAM03.RMB-486-building6.json,diep-129-01.json
BOOKAM03.RMB-486-building7.json,diep-146-00.json
BOOKAM03.RMB-486-building8.json,diep-200-08.json
BOOKAM03.RMB-486-building9.json,diep-143-01.json
BOOKAM03.RMB-486-building10.json,diep-143-03.json
BOOKAM03.RMB-486-building11.json,diep-146-00.json
BOOKAM03.RMB-486-building12.json,diep-139-01.json
BOOKAM03.RMB-486-building13.json,diep-136-00.json
BOOKBM00.RMB-684-building1.json,diep-549-00.json
BOOKBM00.RMB-684-building5.json,diep-663-00.json
BOOKBM01.RMB-752-building1.json,diep-535-00.json
BOOKBM01.RMB-752-building2.json,diep-535-00.json
BOOKBM01.RMB-752-building3.json,diep-535-00.json
BOOKBM01.RMB-752-building6.json,diep-551-00.json
BOOKBM01.RMB-752-building7.json,diep-551-00.json
CLOTAS00.RMB-489-building4.json,diep-339-03.json
CLOTAS00.RMB-489-building5.json,diep-339-02.json
CLOTAS00.RMB-489-building6.json,diep-330-00.json
CLOTAS00.RMB-489-building7.json,diep-337-00.json
CLOTAS00.RMB-489-building9.json,diep-421-00.json
CLOTAS00.RMB-489-building10.json,diep-340-01.json
CLOTAS01.RMB-718-building3.json,diep-321-00.json
CLOTAS01.RMB-718-building6.json,diep-326-03.json
CLOTAS01.RMB-718-building7.json,diep-214-02.json
CLOTAS01.RMB-718-building8.json,diep-211-01.json
CLOTAS01.RMB-718-building9.json,diep-337-01.json
CLOTAS01.RMB-718-building10.json,diep-215-00.json
CLOTAS01.RMB-718-building11.json,diep-212-01.json
CLOTAS02.RMB-495-building0.json,diep-332-00.json
CLOTAS02.RMB-495-building2.json,diep-213-00.json
CLOTAS02.RMB-495-building3.json,diep-337-04.json
CLOTAS02.RMB-495-building4.json,diep-337-00.json
CLOTAS02.RMB-495-building5.json,diep-340-00.json
CLOTBS01.RMB-709-building2.json,diep-549-00.json
CLOTBS01.RMB-709-building5.json,diep-549-00.json
CLOTGS01.RMB-116-building2.json,diep-549-00.json
CLOTGS01.RMB-116-building5.json,diep-549-00.json
DABOOKBM00.RMB-1507-building7.json,diep-541-00.json
DABOOKBM01.RMB-1508-building2.json,diep-606-00.json
DABOOKBM01.RMB-1508-building9.json,diep-608-00.json
DABOOKBM01.RMB-1508-building11.json,diep-606-00.json
DABOOKBM02.RMB-1509-building4.json,diep-539-01.json
DABOOKBM02.RMB-1509-building6.json,diep-551-00.json
DABOOKBM02.RMB-1509-building8.json,diep-601-00.json
DABOOKBM02.RMB-1509-building9.json,diep-606-01.json
DABOOKBM02.RMB-1509-building11.json,diep-602-00.json
DACLOTBS02.RMB-1510-building3.json,diep-601-00.json
DAGENRBM00.RMB-1513-building0.json,diep-610-00.json
DAGENRBM00.RMB-1513-building1.json,diep-610-00.json
DAGENRBM00.RMB-1513-building4.json,diep-606-01.json
DAGENRBM00.RMB-1513-building7.json,diep-610-00.json
DAGENRBM02.RMB-1514-building4.json,diep-539-01.json
DAGENRBM02.RMB-1514-building5.json,diep-601-00.json
DAGENRBM02.RMB-1514-building9.json,diep-606-01.json
DAGENRBS01.RMB-1515-building3.json,diep-539-00.json
DAGENRBS01.RMB-1515-building6.json,diep-544-01.json
DAGENRBS01.RMB-1515-building7.json,diep-539-01.json
FIGHBM00.RMB-705-building1.json,diep-601-00.json
FIGHBM00.RMB-705-building2.json,diep-559-00.json
FIGHBM00.RMB-705-building3.json,diep-563-00.json
FIGHBM00.RMB-705-building4.json,diep-605-00.json
FIGHBM00.RMB-705-building5.json,diep-608-00.json
FIGHBM00.RMB-705-building6.json,diep-608-00.json
FIGHBM00.RMB-705-building7.json,diep-601-00.json
FIGHGM00.RMB-113-building1.json,diep-601-00.json
FIGHGM00.RMB-113-building2.json,diep-559-00.json
FIGHGM00.RMB-113-building3.json,diep-563-00.json
FIGHGM00.RMB-113-building4.json,diep-605-00.json
FIGHGM00.RMB-113-building5.json,diep-608-00.json
FIGHGM00.RMB-113-building6.json,diep-608-00.json
FIGHGM00.RMB-113-building7.json,diep-601-00.json
GEMSAM00.RMB-14-building4.json,diep-336-00.json
GEMSAM00.RMB-14-building5.json,diep-337-04.json
GEMSAM00.RMB-14-building6.json,diep-340-00.json
GEMSAM00.RMB-14-building7.json,diep-326-03.json
GEMSAM00.RMB-14-building8.json,diep-337-02.json
GEMSAM00.RMB-14-building9.json,diep-338-03.json
GEMSAM00.RMB-14-building10.json,diep-334-01.json
GEMSAM00.RMB-14-building11.json,diep-337-02.json
GEMSAM00.RMB-14-building12.json,diep-338-03.json
GEMSAM00.RMB-14-building14.json,diep-336-00.json
GEMSAM01.RMB-301-building2.json,diep-157-02.json
GEMSAM01.RMB-301-building3.json,diep-160-00.json
GEMSAM01.RMB-301-building4.json,diep-162-02.json
GEMSAM01.RMB-301-building5.json,diep-202-05.json
GEMSAM01.RMB-301-building6.json,diep-156-01.json
GEMSAM01.RMB-301-building7.json,diep-212-04.json
GEMSAM01.RMB-301-building8.json,diep-200-00.json
GEMSAM01.RMB-301-building9.json,diep-201-02.json
GEMSAM01.RMB-301-building10.json,diep-201-06.json
GEMSAM01.RMB-301-building11.json,diep-202-03.json
GEMSAM01.RMB-301-building12.json,diep-212-02.json
GEMSAM01.RMB-301-building13.json,diep-161-03.json
GEMSAM01.RMB-301-building14.json,diep-200-03.json
GEMSAM01.RMB-301-building15.json,diep-211-04.json
GEMSAM02.RMB-820-building3.json,diep-326-05.json
GEMSAM02.RMB-820-building4.json,diep-335-00.json
GEMSAM02.RMB-820-building5.json,diep-337-02.json
GEMSAM02.RMB-820-building6.json,diep-339-03.json
GEMSAM02.RMB-820-building7.json,diep-340-02.json
GEMSAM02.RMB-820-building10.json,diep-339-03.json
GEMSAM02.RMB-820-building11.json,diep-340-00.json
GEMSAM02.RMB-820-building12.json,diep-338-02.json
GEMSAM02.RMB-820-building13.json,diep-326-05.json
GEMSAM03.RMB-307-building1.json,diep-211-02.json
GEMSAM03.RMB-307-building2.json,diep-213-05.json
GEMSAM03.RMB-307-building3.json,diep-214-02.json
GEMSAM03.RMB-307-building4.json,diep-215-03.json
GEMSAM03.RMB-307-building5.json,diep-124-00.json
GEMSAM03.RMB-307-building6.json,diep-127-08.json
GEMSAM03.RMB-307-building7.json,diep-129-01.json
GEMSAM03.RMB-307-building8.json,diep-200-06.json
GEMSAM03.RMB-307-building9.json,diep-201-06.json
GEMSAM03.RMB-307-building10.json,diep-212-04.json
GEMSAM03.RMB-307-building11.json,diep-214-02.json
GEMSAM03.RMB-307-building12.json,diep-200-03.json
GEMSAM03.RMB-307-building13.json,diep-214-02.json
GEMSAM03.RMB-307-building14.json,diep-211-00.json
GEMSAM03.RMB-307-building15.json,diep-127-03.json
GEMSBM00.RMB-706-building3.json,diep-549-00.json
GEMSBM00.RMB-706-building4.json,diep-658-03.json
GEMSBM00.RMB-706-building5.json,diep-658-01.json
GEMSBM00.RMB-706-building6.json,diep-658-01.json
GEMSBM00.RMB-706-building7.json,diep-658-00.json
GEMSGM00.RMB-115-building3.json,diep-549-00.json
GEMSGM00.RMB-115-building4.json,diep-658-02.json
GEMSGM00.RMB-115-building5.json,diep-658-01.json
GEMSGM00.RMB-115-building6.json,diep-658-02.json
GEMSGM00.RMB-115-building7.json,diep-658-01.json
GENRAM00.RMB-310-building0.json,diep-334-01.json
GENRAM00.RMB-310-building1.json,diep-334-00.json
GENRAM00.RMB-310-building2.json,diep-330-00.json
GENRAM00.RMB-310-building3.json,diep-326-06.json
GENRAM00.RMB-310-building5.json,diep-340-01.json
GENRAM00.RMB-310-building6.json,diep-337-03.json
GENRAM00.RMB-310-building7.json,diep-334-00.json
GENRAM00.RMB-310-building8.json,diep-326-05.json
GENRAM00.RMB-310-building9.json,diep-339-00.json
GENRAM00.RMB-310-building10.json,diep-338-00.json
GENRAM00.RMB-310-building11.json,diep-337-04.json
GENRAM00.RMB-310-building12.json,diep-330-00.json
GENRAM00.RMB-310-building13.json,diep-327-00.json
GENRAM01.RMB-311-building6.json,diep-421-00.json
GENRAM01.RMB-311-building8.json,diep-421-00.json
GENRAM01.RMB-311-building11.json,diep-339-03.json
GENRAM02.RMB-598-building0.json,diep-127-09.json
GENRAM02.RMB-598-building1.json,diep-339-01.json
GENRAM02.RMB-598-building2.json,diep-338-03.json
GENRAM02.RMB-598-building3.json,diep-326-04.json
GENRAM02.RMB-598-building4.json,diep-138-01.json
GENRAM02.RMB-598-building5.json,diep-132-01.json
GENRAM02.RMB-598-building6.json,diep-339-00.json
GENRAM02.RMB-598-building7.json,diep-337-03.json
GENRAM02.RMB-598-building8.json,diep-326-05.json
GENRAM02.RMB-598-building10.json,diep-125-07.json
GENRAM02.RMB-598-building11.json,diep-135-01.json
GENRAM02.RMB-598-building12.json,diep-125-01.json
GENRAM02.RMB-598-building13.json,diep-124-02.json
GENRAS00.RMB-270-building0.json,diep-160-02.json
GENRAS00.RMB-270-building1.json,diep-158-02.json
GENRAS00.RMB-270-building2.json,diep-158-00.json
GENRAS00.RMB-270-building3.json,diep-156-01.json
GENRAS00.RMB-270-building4.json,diep-202-02.json
GENRAS00.RMB-270-building5.json,diep-201-04.json
GENRAS00.RMB-270-building6.json,diep-157-03.json
GENRAS00.RMB-270-building7.json,diep-202-01.json
GENRAS00.RMB-270-building8.json,diep-202-05.json
GENRAS00.RMB-270-building9.json,diep-154-00.json
GENRAS01.RMB-713-building0.json,diep-125-12.json
GENRAS01.RMB-713-building1.json,diep-131-02.json
GENRAS01.RMB-713-building2.json,diep-125-00.json
GENRAS01.RMB-713-building3.json,diep-138-00.json
GENRAS01.RMB-713-building4.json,diep-125-11.json
GENRAS01.RMB-713-building5.json,diep-142-02.json
GENRAS01.RMB-713-building6.json,diep-138-00.json
GENRAS01.RMB-713-building7.json,diep-124-04.json
GENRAS01.RMB-713-building11.json,diep-131-00.json
GENRAS02.RMB-269-building0.json,diep-155-00.json
GENRAS02.RMB-269-building1.json,diep-200-00.json
GENRAS02.RMB-269-building2.json,diep-157-00.json
GENRAS02.RMB-269-building3.json,diep-156-02.json
GENRAS02.RMB-269-building4.json,diep-212-03.json
GENRAS02.RMB-269-building5.json,diep-159-02.json
GENRAS02.RMB-269-building6.json,diep-160-01.json
GENRAS02.RMB-269-building7.json,diep-200-02.json
GENRAS02.RMB-269-building8.json,diep-162-02.json
GENRAS03.RMB-2001-building0.json,diep-160-00.json
GENRAS03.RMB-2001-building1.json,diep-158-03.json
GENRAS03.RMB-2001-building2.json,diep-156-00.json
GENRAS03.RMB-2001-building3.json,diep-202-03.json
GENRAS03.RMB-2001-building4.json,diep-201-07.json
GENRAS03.RMB-2001-building5.json,diep-157-01.json
GENRAS03.RMB-2001-building6.json,diep-202-01.json
GENRAS03.RMB-2001-building7.json,diep-156-02.json
GENRAS04.RMB-2002-building0.json,diep-125-02.json
GENRAS04.RMB-2002-building1.json,diep-131-02.json
GENRAS04.RMB-2002-building2.json,diep-125-11.json
GENRAS04.RMB-2002-building3.json,diep-138-01.json
GENRAS04.RMB-2002-building4.json,diep-125-08.json
GENRAS04.RMB-2002-building5.json,diep-142-02.json
GENRAS04.RMB-2002-building6.json,diep-138-00.json
GENRAS04.RMB-2002-building7.json,diep-124-05.json
GENRAS04.RMB-2002-building11.json,diep-131-02.json
GENRAS05.RMB-2003-building0.json,diep-155-00.json
GENRAS05.RMB-2003-building1.json,diep-200-08.json
GENRAS05.RMB-2003-building2.json,diep-157-05.json
GENRAS05.RMB-2003-building3.json,diep-212-00.json
GENRAS05.RMB-2003-building4.json,diep-159-01.json
GENRAS05.RMB-2003-building5.json,diep-160-02.json
GENRAS05.RMB-2003-building6.json,diep-200-05.json
GENRAS05.RMB-2003-building7.json,diep-162-03.json
GENRAS05.RMB-2003-building8.json,diep-211-07.json
GENRBM00.RMB-388-building2.json,diep-705-05.json
GENRBM00.RMB-388-building3.json,diep-705-00.json
GENRBM00.RMB-388-building4.json,diep-705-00.json
GENRBM00.RMB-388-building5.json,diep-705-07.json
GENRBM00.RMB-388-building8.json,diep-543-00.json
GENRBM00.RMB-388-building11.json,diep-614-01.json
GENRBM00.RMB-388-building12.json,diep-614-01.json
GENRBM00.RMB-388-building13.json,diep-614-00.json
GENRBM01.RMB-389-building2.json,diep-663-00.json
GENRBM01.RMB-389-building6.json,diep-547-01.json
GENRBM01.RMB-389-building8.json,diep-547-01.json
GENRBM02.RMB-385-building0.json,diep-658-04.json
GENRBM02.RMB-385-building1.json,diep-658-05.json
GENRBM02.RMB-385-building2.json,diep-658-03.json
GENRBM02.RMB-385-building3.json,diep-658-02.json
GENRBS00.RMB-391-building0.json,diep-705-02.json
GENRBS00.RMB-391-building2.json,diep-659-00.json
GENRBS00.RMB-391-building3.json,diep-659-00.json
GENRBS01.RMB-392-building3.json,diep-606-00.json
GENRBS01.RMB-392-building5.json,diep-552-00.json
GENRBS02.RMB-393-building0.json,diep-543-00.json
GENRBS02.RMB-393-building1.json,diep-547-00.json
GENRBS02.RMB-393-building2.json,diep-549-00.json
GENRGM00.RMB-84-building2.json,diep-705-07.json
GENRGM00.RMB-84-building3.json,diep-705-03.json
GENRGM00.RMB-84-building4.json,diep-705-05.json
GENRGM00.RMB-84-building5.json,diep-705-03.json
GENRGM00.RMB-84-building8.json,diep-543-00.json
GENRGM00.RMB-84-building11.json,diep-614-00.json
GENRGM00.RMB-84-building12.json,diep-614-01.json
GENRGM00.RMB-84-building13.json,diep-614-00.json
GENRGM01.RMB-85-building2.json,diep-663-00.json
GENRGM01.RMB-85-building6.json,diep-547-01.json
GENRGM01.RMB-85-building8.json,diep-547-01.json
GENRGM02.RMB-81-building0.json,diep-658-04.json
GENRGM02.RMB-81-building1.json,diep-658-01.json
GENRGM02.RMB-81-building2.json,diep-658-00.json
GENRGM02.RMB-81-building3.json,diep-658-04.json
GENRGS00.RMB-159-building0.json,diep-705-06.json
GENRGS00.RMB-159-building2.json,diep-659-00.json
GENRGS00.RMB-159-building3.json,diep-659-00.json
GENRGS01.RMB-86-building3.json,diep-606-00.json
GENRGS01.RMB-86-building5.json,diep-552-00.json
GENRGS02.RMB-87-building0.json,diep-543-00.json
GENRGS02.RMB-87-building1.json,diep-547-00.json
GENRGS02.RMB-87-building2.json,diep-549-00.json
MANRAS00.RMB-840-building1.json,diep-208-02.json
MANRAS00.RMB-840-building2.json,diep-116-00.json
MANRAS00.RMB-840-building3.json,diep-207-00.json
MANRAS00.RMB-840-building4.json,diep-124-07.json
MANRAS00.RMB-840-building5.json,diep-116-00.json
MANRAS00.RMB-840-building6.json,diep-203-02.json
MANRAS01.RMB-849-building0.json,diep-326-05.json
MANRAS01.RMB-849-building1.json,diep-338-02.json
MANRAS01.RMB-849-building2.json,diep-337-04.json
MANRAS01.RMB-849-building3.json,diep-336-00.json
MANRAS01.RMB-849-building5.json,diep-338-01.json
MANRAS01.RMB-849-building6.json,diep-321-00.json
MANRAS01.RMB-849-building7.json,diep-339-03.json
MANRAS01.RMB-849-building9.json,diep-321-00.json
MANRAS01.RMB-849-building13.json,diep-334-01.json
MANRAS02.RMB-837-building0.json,diep-201-01.json
MANRAS02.RMB-837-building1.json,diep-131-01.json
MANRAS02.RMB-837-building2.json,diep-201-02.json
MANRAS02.RMB-837-building3.json,diep-145-01.json
MANRBM00.RMB-847-building0.json,diep-658-00.json
MANRBM00.RMB-847-building1.json,diep-658-03.json
MANRBM00.RMB-847-building2.json,diep-608-00.json
MANRBM00.RMB-847-building3.json,diep-559-00.json
MANRBM00.RMB-847-building10.json,diep-563-00.json
PAWNAM00.RMB-1188-building0.json,diep-137-00.json
PAWNAM00.RMB-1188-building1.json,diep-137-01.json
PAWNAM00.RMB-1188-building2.json,diep-125-03.json
PAWNAM00.RMB-1188-building3.json,diep-143-01.json
PAWNAM00.RMB-1188-building4.json,diep-132-00.json
PAWNAM00.RMB-1188-building5.json,diep-127-07.json
PAWNAM00.RMB-1188-building6.json,diep-145-01.json
PAWNAM00.RMB-1188-building7.json,diep-145-00.json
PAWNAM00.RMB-1188-building8.json,diep-129-00.json
PAWNAM00.RMB-1188-building9.json,diep-125-01.json
PAWNAM00.RMB-1188-building10.json,diep-125-10.json
PAWNAM00.RMB-1188-building11.json,diep-143-04.json
PAWNAM00.RMB-1188-building12.json,diep-137-01.json
PAWNAM00.RMB-1188-building13.json,diep-135-01.json
PAWNAM00.RMB-1188-building14.json,diep-125-06.json
PAWNAM00.RMB-1188-building17.json,diep-129-01.json
PAWNAM01.RMB-381-building1.json,diep-326-02.json
PAWNAM01.RMB-381-building2.json,diep-327-00.json
PAWNAM01.RMB-381-building3.json,diep-338-01.json
PAWNAM01.RMB-381-building4.json,diep-339-00.json
PAWNAM01.RMB-381-building8.json,diep-326-06.json
PAWNAM01.RMB-381-building9.json,diep-337-01.json
PAWNAM01.RMB-381-building10.json,diep-339-01.json
PAWNAM01.RMB-381-building12.json,diep-337-04.json
PAWNAM01.RMB-381-building14.json,diep-338-03.json
PAWNAM02.RMB-852-building2.json,diep-202-03.json
PAWNAM02.RMB-852-building3.json,diep-204-04.json
PAWNAM02.RMB-852-building4.json,diep-209-03.json
PAWNAM02.RMB-852-building5.json,diep-213-05.json
PAWNAM02.RMB-852-building6.json,diep-203-02.json
PAWNAM02.RMB-852-building7.json,diep-204-04.json
PAWNAM02.RMB-852-building8.json,diep-200-04.json
PAWNAM02.RMB-852-building9.json,diep-201-00.json
PAWNAM02.RMB-852-building10.json,diep-202-05.json
PAWNAM02.RMB-852-building11.json,diep-204-00.json
PAWNAM02.RMB-852-building12.json,diep-212-03.json
PAWNAM02.RMB-852-building13.json,diep-200-08.json
PAWNBM00.RMB-859-building0.json,diep-709-02.json
PAWNBM00.RMB-859-building1.json,diep-709-02.json
PAWNBM00.RMB-859-building2.json,diep-709-00.json
PAWNBM00.RMB-859-building3.json,diep-658-04.json
PAWNGM00.RMB-102-building0.json,diep-709-01.json
PAWNGM00.RMB-102-building1.json,diep-709-03.json
PAWNGM00.RMB-102-building2.json,diep-709-06.json
PAWNGM00.RMB-102-building3.json,diep-658-00.json
RESIAS00.RMB-545-building0.json,diep-209-04.json
RESIAS00.RMB-545-building1.json,diep-202-05.json
RESIAS00.RMB-545-building2.json,diep-211-06.json
RESIAS00.RMB-545-building3.json,diep-202-00.json
RESIAS00.RMB-545-building4.json,diep-202-03.json
RESIAS00.RMB-545-building5.json,diep-149-03.json
RESIAS00.RMB-545-building6.json,diep-205-00.json
RESIAS01.RMB-545-building0.json,diep-202-00.json
RESIAS01.RMB-545-building1.json,diep-211-03.json
RESIAS01.RMB-545-building3.json,diep-334-00.json
RESIAS01.RMB-545-building4.json,diep-136-03.json
RESIAS01.RMB-545-building5.json,diep-202-02.json
RESIAS01.RMB-545-building7.json,diep-202-01.json
RESIAS02.RMB-600-building0.json,diep-209-03.json
RESIAS02.RMB-600-building1.json,diep-215-02.json
RESIAS02.RMB-600-building2.json,diep-141-00.json
RESIAS02.RMB-600-building3.json,diep-202-03.json
RESIAS02.RMB-600-building4.json,diep-141-03.json
RESIAS02.RMB-600-building5.json,diep-210-02.json
RESIAS02.RMB-600-building6.json,diep-127-01.json
RESIAS02.RMB-600-building7.json,diep-201-02.json
RESIAS02.RMB-600-building8.json,diep-127-06.json
RESIAS03.RMB-865-building0.json,diep-125-05.json
RESIAS03.RMB-865-building1.json,diep-130-00.json
RESIAS03.RMB-865-building2.json,diep-137-01.json
RESIAS03.RMB-865-building3.json,diep-125-01.json
RESIAS03.RMB-865-building4.json,diep-160-00.json
RESIAS03.RMB-865-building5.json,diep-152-00.json
RESIAS03.RMB-865-building6.json,diep-125-08.json
RESIAS03.RMB-865-building7.json,diep-124-02.json
RESIAS03.RMB-865-building8.json,diep-157-04.json
RESIAS03.RMB-865-building9.json,diep-126-01.json
RESIAS03.RMB-865-building10.json,diep-126-00.json
RESIAS04.RMB-545-building1.json,diep-334-01.json
RESIAS05.RMB-868-building0.json,diep-209-04.json
RESIAS05.RMB-868-building1.json,diep-200-01.json
RESIAS05.RMB-868-building2.json,diep-204-00.json
RESIAS05.RMB-868-building3.json,diep-212-03.json
RESIAS05.RMB-868-building4.json,diep-204-02.json
RESIAS05.RMB-868-building5.json,diep-213-04.json
RESIAS05.RMB-868-building6.json,diep-215-02.json
RESIAS05.RMB-868-building7.json,diep-139-02.json
RESIAS05.RMB-868-building8.json,diep-204-02.json
RESIAS05.RMB-868-building9.json,diep-200-05.json
RESIAS06.RMB-806-building0.json,diep-139-00.json
RESIAS06.RMB-806-building1.json,diep-159-02.json
RESIAS06.RMB-806-building2.json,diep-203-02.json
RESIAS06.RMB-806-building3.json,diep-203-01.json
RESIAS06.RMB-806-building4.json,diep-205-00.json
RESIAS06.RMB-806-building5.json,diep-205-01.json
RESIAS06.RMB-806-building6.json,diep-124-07.json
RESIAS06.RMB-806-building7.json,diep-132-02.json
RESIAS07.RMB-545-building1.json,diep-334-00.json
RESIAS07.RMB-545-building2.json,diep-126-00.json
RESIAS07.RMB-545-building3.json,diep-116-00.json
RESIAS09.RMB-883-building0.json,diep-206-00.json
RESIAS09.RMB-883-building1.json,diep-207-00.json
RESIAS09.RMB-883-building2.json,diep-208-02.json
RESIAS09.RMB-883-building3.json,diep-209-02.json
RESIAS09.RMB-883-building4.json,diep-141-02.json
RESIAS09.RMB-883-building5.json,diep-213-04.json
RESIAS09.RMB-883-building6.json,diep-141-00.json
RESIAS09.RMB-883-building7.json,diep-214-00.json
RESIAS09.RMB-883-building8.json,diep-211-07.json
RESIBM00.RMB-480-building0.json,diep-708-01.json
RESIBM00.RMB-480-building1.json,diep-707-02.json
RESIBM00.RMB-480-building2.json,diep-707-03.json
RESIBM00.RMB-480-building4.json,diep-702-01.json
RESIBM00.RMB-480-building5.json,diep-702-01.json
RESIBM00.RMB-480-building6.json,diep-702-01.json
RESIBM00.RMB-480-building10.json,diep-705-06.json
RESIBM01.RMB-601-building0.json,diep-708-02.json
RESIBM01.RMB-601-building1.json,diep-709-03.json
RESIBM01.RMB-601-building2.json,diep-709-06.json
RESIBM01.RMB-601-building3.json,diep-709-00.json
RESIBM01.RMB-601-building5.json,diep-702-00.json
RESIBM01.RMB-601-building6.json,diep-705-06.json
RESIBM01.RMB-601-building7.json,diep-705-03.json
RESIBM02.RMB-882-building0.json,diep-707-02.json
RESIBM02.RMB-882-building1.json,diep-707-05.json
RESIBM02.RMB-882-building2.json,diep-709-00.json
RESIBM02.RMB-882-building3.json,diep-709-05.json
RESIBM02.RMB-882-building4.json,diep-709-05.json
RESIBM02.RMB-882-building5.json,diep-709-02.json
RESIBM02.RMB-882-building6.json,diep-663-00.json
RESIBM03.RMB-1184-building0.json,diep-708-01.json
RESIBM03.RMB-1184-building1.json,diep-708-00.json
RESIBM03.RMB-1184-building2.json,diep-708-00.json
RESIBM04.RMB-1186-building0.json,diep-708-01.json
RESIBM04.RMB-1186-building1.json,diep-708-01.json
RESIBM04.RMB-1186-building2.json,diep-707-00.json
RESIBM04.RMB-1186-building3.json,diep-707-00.json
RESIBM04.RMB-1186-building4.json,diep-704-02.json
RESIBM04.RMB-1186-building5.json,diep-704-01.json
RESIBM04.RMB-1186-building6.json,diep-704-02.json
RESIBS00.RMB-1187-building0.json,diep-605-00.json
RESIBS00.RMB-1187-building1.json,diep-608-00.json
RESIBS00.RMB-1187-building2.json,diep-610-00.json
RESIBS00.RMB-1187-building3.json,diep-606-00.json
RESIBS01.RMB-1243-building0.json,diep-548-00.json
RESIBS01.RMB-1243-building1.json,diep-551-00.json
RESIBS01.RMB-1243-building2.json,diep-608-00.json
RESIBS02.RMB-1190-building0.json,diep-544-01.json
RESIBS02.RMB-1190-building1.json,diep-546-00.json
RESIBS02.RMB-1190-building2.json,diep-559-00.json
RESIBS03.RMB-881-building0.json,diep-538-01.json
RESIBS03.RMB-881-building1.json,diep-543-00.json
RESIBS03.RMB-881-building2.json,diep-560-00.json
RESIBS04.RMB-1193-building1.json,diep-538-00.json
RESIBS04.RMB-1193-building2.json,diep-562-00.json
RESIGM00.RMB-860-building0.json,diep-708-02.json
RESIGM00.RMB-860-building1.json,diep-707-05.json
RESIGM00.RMB-860-building2.json,diep-707-02.json
RESIGM00.RMB-860-building4.json,diep-702-01.json
RESIGM00.RMB-860-building5.json,diep-702-00.json
RESIGM00.RMB-860-building6.json,diep-702-01.json
RESIGM00.RMB-860-building10.json,diep-705-02.json
RESIGM01.RMB-158-building0.json,diep-708-02.json
RESIGM01.RMB-158-building1.json,diep-709-06.json
RESIGM01.RMB-158-building2.json,diep-709-05.json
RESIGM01.RMB-158-building3.json,diep-709-02.json
RESIGM01.RMB-158-building5.json,diep-702-01.json
RESIGM01.RMB-158-building6.json,diep-705-00.json
RESIGM01.RMB-158-building7.json,diep-705-04.json
RESIGM02.RMB-157-building0.json,diep-707-04.json
RESIGM02.RMB-157-building1.json,diep-707-00.json
RESIGM02.RMB-157-building2.json,diep-709-02.json
RESIGM02.RMB-157-building3.json,diep-709-05.json
RESIGM02.RMB-157-building4.json,diep-709-04.json
RESIGM02.RMB-157-building5.json,diep-709-00.json
RESIGM02.RMB-157-building6.json,diep-663-00.json
RESIGM03.RMB-160-building0.json,diep-708-02.json
RESIGM03.RMB-160-building1.json,diep-708-02.json
RESIGM03.RMB-160-building2.json,diep-708-00.json
RESIGM04.RMB-161-building0.json,diep-708-02.json
RESIGM04.RMB-161-building1.json,diep-708-01.json
RESIGM04.RMB-161-building2.json,diep-707-04.json
RESIGM04.RMB-161-building3.json,diep-707-05.json
RESIGM04.RMB-161-building4.json,diep-704-02.json
RESIGM04.RMB-161-building5.json,diep-704-02.json
RESIGM04.RMB-161-building6.json,diep-704-00.json
RESIGS00.RMB-162-building0.json,diep-605-00.json
RESIGS00.RMB-162-building1.json,diep-608-00.json
RESIGS00.RMB-162-building2.json,diep-610-00.json
RESIGS00.RMB-162-building3.json,diep-606-01.json
RESIGS01.RMB-163-building0.json,diep-548-01.json
RESIGS01.RMB-163-building1.json,diep-551-00.json
RESIGS01.RMB-163-building2.json,diep-608-00.json
RESIGS02.RMB-164-building0.json,diep-544-01.json
RESIGS02.RMB-164-building1.json,diep-546-00.json
RESIGS02.RMB-164-building2.json,diep-559-01.json
RESIGS03.RMB-165-building0.json,diep-538-00.json
RESIGS03.RMB-165-building1.json,diep-543-00.json
RESIGS03.RMB-165-building2.json,diep-560-00.json
RESIGS04.RMB-166-building1.json,diep-538-01.json
RESIGS04.RMB-166-building2.json,diep-562-00.json
TEMPASA0.RMB-2009-building17.json,diep-201-07.json
TEMPASA0.RMB-2009-building18.json,diep-200-01.json
TEMPASA0.RMB-2009-building19.json,diep-200-05.json
TEMPASA0.RMB-2009-building20.json,diep-201-02.json
TEMPASA0.RMB-2009-building21.json,diep-202-02.json
TEMPASA0.RMB-2009-building22.json,diep-203-01.json
TEMPASA0.RMB-2009-building23.json,diep-136-00.json
TEMPASA1.RMB-2010-building0.json,diep-201-06.json
TEMPASA1.RMB-2010-building1.json,diep-200-04.json
TEMPASA1.RMB-2010-building2.json,diep-201-02.json
TEMPASA1.RMB-2010-building3.json,diep-202-01.json
TEMPASA1.RMB-2010-building4.json,diep-203-01.json
TEMPASA1.RMB-2010-building5.json,diep-136-03.json
TEMPASA1.RMB-2010-building17.json,diep-159-01.json
TEMPASA1.RMB-2010-building18.json,diep-327-00.json
TEMPASA1.RMB-2010-building19.json,diep-328-00.json
TEMPASA1.RMB-2010-building20.json,diep-139-00.json
TEMPASB0.RMB-2012-building0.json,diep-206-00.json
TEMPASB0.RMB-2012-building1.json,diep-205-00.json
TEMPASB0.RMB-2012-building2.json,diep-127-10.json
TEMPASB0.RMB-2012-building3.json,diep-213-01.json
TEMPASB0.RMB-2012-building4.json,diep-215-00.json
TEMPASB0.RMB-2012-building5.json,diep-214-01.json
TEMPASB0.RMB-2012-building6.json,diep-211-03.json
TEMPASB0.RMB-2012-building7.json,diep-209-01.json
TEMPASB0.RMB-2012-building8.json,diep-132-02.json
TEMPASC0.RMB-2014-building0.json,diep-326-05.json
TEMPASC0.RMB-2014-building1.json,diep-336-01.json
TEMPASC0.RMB-2014-building2.json,diep-332-01.json
TEMPASC0.RMB-2014-building3.json,diep-339-00.json
TEMPASC0.RMB-2014-building4.json,diep-338-00.json
TEMPASC0.RMB-2014-building5.json,diep-329-00.json
TEMPASC0.RMB-2014-building7.json,diep-321-00.json
TEMPASC0.RMB-2014-building8.json,diep-320-00.json
TEMPASD0.RMB-2017-building0.json,diep-201-05.json
TEMPASD0.RMB-2017-building1.json,diep-212-03.json
TEMPASD0.RMB-2017-building2.json,diep-337-01.json
TEMPASD0.RMB-2017-building3.json,diep-125-05.json
TEMPASD0.RMB-2017-building4.json,diep-201-04.json
TEMPASD0.RMB-2017-building5.json,diep-339-01.json
TEMPASD0.RMB-2017-building6.json,diep-125-02.json
TEMPASD0.RMB-2017-building7.json,diep-201-06.json
TEMPASD0.RMB-2017-building8.json,diep-212-04.json
TEMPASD0.RMB-2017-building9.json,diep-339-02.json
TEMPASD0.RMB-2017-building10.json,diep-338-01.json
TEMPASD0.RMB-2017-building11.json,diep-337-01.json
TEMPASD0.RMB-2017-building12.json,diep-125-00.json
TEMPASD1.RMB-2018-building0.json,diep-154-00.json
TEMPASD1.RMB-2018-building1.json,diep-159-01.json
TEMPASD1.RMB-2018-building2.json,diep-201-01.json
TEMPASD1.RMB-2018-building3.json,diep-202-02.json
TEMPASD1.RMB-2018-building4.json,diep-201-04.json
TEMPASD1.RMB-2018-building5.json,diep-200-00.json
TEMPASD1.RMB-2018-building6.json,diep-159-02.json
TEMPASD1.RMB-2018-building7.json,diep-201-03.json
TEMPASD1.RMB-2018-building8.json,diep-156-02.json
TEMPASD1.RMB-2018-building9.json,diep-202-02.json
TEMPASD1.RMB-2018-building10.json,diep-136-03.json
TEMPASE0.RMB-2019-building0.json,diep-143-02.json
TEMPASE0.RMB-2019-building1.json,diep-146-00.json
TEMPASE0.RMB-2019-building2.json,diep-147-00.json
TEMPASE0.RMB-2019-building3.json,diep-150-00.json
TEMPASE0.RMB-2019-building4.json,diep-143-00.json
TEMPASE0.RMB-2019-building5.json,diep-133-00.json
TEMPASE0.RMB-2019-building6.json,diep-212-02.json
TEMPASE0.RMB-2019-building7.json,diep-213-00.json
TEMPASE0.RMB-2019-building8.json,diep-143-05.json
TEMPASE0.RMB-2019-building9.json,diep-133-00.json
TEMPASF0.RMB-2020-building0.json,diep-129-01.json
TEMPASF0.RMB-2020-building1.json,diep-129-00.json
TEMPASF0.RMB-2020-building2.json,diep-130-05.json
TEMPASF0.RMB-2020-building3.json,diep-129-00.json
TEMPASF0.RMB-2020-building4.json,diep-137-01.json
TEMPASF0.RMB-2020-building5.json,diep-129-01.json
TEMPASF0.RMB-2020-building6.json,diep-139-00.json
TEMPASF0.RMB-2020-building7.json,diep-134-00.json
TEMPASF0.RMB-2020-building8.json,diep-133-00.json
TEMPASF0.RMB-2020-building9.json,diep-132-03.json
TEMPASF0.RMB-2020-building10.json,diep-131-01.json
TEMPASF0.RMB-2020-building11.json,diep-129-01.json
TEMPASF1.RMB-2021-building0.json,diep-133-00.json
TEMPASF1.RMB-2021-building1.json,diep-129-01.json
TEMPASF1.RMB-2021-building2.json,diep-131-01.json
TEMPASF1.RMB-2021-building3.json,diep-129-01.json
TEMPASF1.RMB-2021-building4.json,diep-130-00.json
TEMPASF1.RMB-2021-building5.json,diep-129-01.json
TEMPASF1.RMB-2021-building6.json,diep-137-00.json
TEMPASF1.RMB-2021-building7.json,diep-132-03.json
TEMPASF1.RMB-2021-building8.json,diep-141-02.json
TEMPASF1.RMB-2021-building9.json,diep-137-02.json
TEMPASF1.RMB-2021-building10.json,diep-133-00.json
TEMPASF1.RMB-2021-building11.json,diep-131-02.json
TEMPASG0.RMB-2022-building0.json,diep-338-01.json
TEMPASG0.RMB-2022-building1.json,diep-334-01.json
TEMPASG0.RMB-2022-building2.json,diep-334-00.json
TEMPASG0.RMB-2022-building3.json,diep-332-00.json
TEMPASG0.RMB-2022-building4.json,diep-330-00.json
TEMPASG0.RMB-2022-building5.json,diep-125-09.json
TEMPASG0.RMB-2022-building7.json,diep-330-00.json
TEMPASG0.RMB-2022-building8.json,diep-125-08.json
TEMPASG0.RMB-2022-building9.json,diep-338-03.json
TEMPASG0.RMB-2022-building10.json,diep-336-00.json
TEMPASG0.RMB-2022-building12.json,diep-125-06.json
TEMPASG0.RMB-2022-building13.json,diep-337-03.json
TEMPASG0.RMB-2022-building14.json,diep-336-00.json
TEMPASG0.RMB-2022-building15.json,diep-335-00.json
TEMPASG0.RMB-2022-building16.json,diep-334-00.json
TEMPASH0.RMB-2023-building0.json,diep-129-00.json
TEMPASH0.RMB-2023-building1.json,diep-130-00.json
TEMPASH0.RMB-2023-building2.json,diep-127-07.json
TEMPASH0.RMB-2023-building3.json,diep-214-00.json
TEMPASH0.RMB-2023-building4.json,diep-213-05.json
TEMPASH0.RMB-2023-building5.json,diep-131-00.json
TEMPASH0.RMB-2023-building6.json,diep-124-01.json
TEMPASH0.RMB-2023-building7.json,diep-213-02.json
TEMPASH0.RMB-2023-building8.json,diep-130-02.json
TEMPASH0.RMB-2023-building9.json,diep-211-06.json
TEMPASH0.RMB-2023-building10.json,diep-138-01.json
TEMPASH1.RMB-2024-building0.json,diep-129-00.json
TEMPASH1.RMB-2024-building1.json,diep-130-04.json
TEMPASH1.RMB-2024-building2.json,diep-127-03.json
TEMPASH1.RMB-2024-building3.json,diep-214-00.json
TEMPASH1.RMB-2024-building4.json,diep-213-02.json
TEMPASH1.RMB-2024-building5.json,diep-131-02.json
TEMPASH1.RMB-2024-building6.json,diep-130-00.json
TEMPASH1.RMB-2024-building7.json,diep-124-03.json
TEMPASH1.RMB-2024-building8.json,diep-214-02.json
TEMPASH1.RMB-2024-building9.json,diep-213-02.json
TEMPASH1.RMB-2024-building10.json,diep-130-05.json
TEMPASH1.RMB-2024-building11.json,diep-211-07.json
TEMPASH1.RMB-2024-building12.json,diep-138-01.json
TEMPASH2.RMB-2025-building0.json,diep-129-00.json
TEMPASH2.RMB-2025-building1.json,diep-130-05.json
TEMPASH2.RMB-2025-building2.json,diep-127-00.json
TEMPASH2.RMB-2025-building3.json,diep-214-01.json
TEMPASH2.RMB-2025-building4.json,diep-213-01.json
TEMPASH2.RMB-2025-building5.json,diep-131-00.json
TEMPASH2.RMB-2025-building6.json,diep-130-04.json
TEMPASH2.RMB-2025-building7.json,diep-124-05.json
TEMPASH2.RMB-2025-building8.json,diep-213-03.json
TEMPASH2.RMB-2025-building9.json,diep-130-01.json
TEMPASH2.RMB-2025-building10.json,diep-211-03.json
TEMPASH2.RMB-2025-building11.json,diep-138-00.json
TEMPASH3.RMB-2026-building0.json,diep-129-01.json
TEMPASH3.RMB-2026-building1.json,diep-127-04.json
TEMPASH3.RMB-2026-building2.json,diep-201-00.json
TEMPASH4.RMB-2027-building1.json,diep-334-00.json
TEMPASH4.RMB-2027-building3.json,diep-138-01.json
TEMPBSA0.RMB-1545-building3.json,diep-559-01.json
TEMPBSA0.RMB-1545-building4.json,diep-560-00.json
TEMPBSA0.RMB-1545-building8.json,diep-559-00.json
TEMPBSB0.RMB-1546-building1.json,diep-562-00.json
TEMPBSB0.RMB-1546-building4.json,diep-601-00.json
TEMPBSB0.RMB-1546-building5.json,diep-601-00.json
TEMPBSB0.RMB-1546-building7.json,diep-560-00.json
TEMPBSC0.RMB-1547-building2.json,diep-614-00.json
TEMPBSC0.RMB-1547-building4.json,diep-610-00.json
TEMPBSC0.RMB-1547-building5.json,diep-332-01.json
TEMPBSC0.RMB-1547-building8.json,diep-610-00.json
TEMPBSC0.RMB-1547-building9.json,diep-608-00.json
TEMPBSC0.RMB-1547-building11.json,diep-614-00.json
TEMPBSD0.RMB-1548-building0.json,diep-559-01.json
TEMPBSD0.RMB-1548-building3.json,diep-559-01.json
TEMPBSE0.RMB-1549-building0.json,diep-546-00.json
TEMPBSE0.RMB-1549-building4.json,diep-601-00.json
TEMPBSF0.RMB-1550-building5.json,diep-539-01.json
TEMPBSF0.RMB-1550-building7.json,diep-544-01.json
TEMPBSF0.RMB-1550-building8.json,diep-539-01.json
TEMPBSF0.RMB-1550-building9.json,diep-541-00.json
TEMPBSG0.RMB-1551-building1.json,diep-610-00.json
TEMPBSG0.RMB-1551-building7.json,diep-610-00.json
TEMPBSG0.RMB-1551-building8.json,diep-610-00.json
TEMPBSG0.RMB-1551-building9.json,diep-610-00.json
TEMPBSH0.RMB-1552-building6.json,diep-601-00.json
THIEAM00.RMB-556-building3.json,diep-326-03.json
THIEAM00.RMB-556-building4.json,diep-329-00.json
THIEAM00.RMB-556-building5.json,diep-337-01.json
THIEAM00.RMB-556-building6.json,diep-338-01.json
THIEAM00.RMB-556-building7.json,diep-340-01.json
THIEAM00.RMB-556-building9.json,diep-326-03.json
THIEAM00.RMB-556-building10.json,diep-329-00.json
THIEAM00.RMB-556-building11.json,diep-337-02.json
THIEAM00.RMB-556-building12.json,diep-125-06.json
THIEAM00.RMB-556-building13.json,diep-125-06.json
THIEAM00.RMB-556-building14.json,diep-326-05.json
THIEAM00.RMB-556-building15.json,diep-340-00.json
THIEBM00.RMB-1555-building2.json,diep-606-00.json
THIEBM00.RMB-1555-building4.json,diep-608-00.json
THIEBM00.RMB-1555-building8.json,diep-606-00.json
THIEBM00.RMB-1555-building10.json,diep-608-00.json
TVRNAM00.RMB-561-building1.json,diep-340-00.json
TVRNAM00.RMB-561-building2.json,diep-339-02.json
TVRNAM00.RMB-561-building3.json,diep-337-01.json
TVRNAM00.RMB-561-building4.json,diep-329-00.json
TVRNAM00.RMB-561-building5.json,diep-326-04.json
TVRNAM00.RMB-561-building8.json,diep-320-00.json
TVRNAM00.RMB-561-building9.json,diep-149-00.json
TVRNAM00.RMB-561-building11.json,diep-339-03.json
TVRNAM00.RMB-561-building12.json,diep-329-00.json
TVRNAM00.RMB-561-building13.json,diep-326-01.json
TVRNAM00.RMB-561-building14.json,diep-320-00.json
TVRNAM00.RMB-561-building15.json,diep-329-00.json
TVRNAM01.RMB-1215-building3.json,diep-421-00.json
TVRNAM01.RMB-1215-building4.json,diep-125-04.json
TVRNAM01.RMB-1215-building5.json,diep-127-04.json
TVRNAM01.RMB-1215-building6.json,diep-131-01.json
TVRNAM01.RMB-1215-building7.json,diep-138-01.json
TVRNAM01.RMB-1215-building8.json,diep-146-01.json
TVRNAM01.RMB-1215-building9.json,diep-138-00.json
TVRNAM01.RMB-1215-building10.json,diep-329-00.json
TVRNAM01.RMB-1215-building11.json,diep-339-00.json
TVRNAM01.RMB-1215-building12.json,diep-421-00.json
TVRNAM01.RMB-1215-building13.json,diep-125-03.json
TVRNAM01.RMB-1215-building14.json,diep-130-05.json
TVRNAM01.RMB-1215-building15.json,diep-131-00.json
TVRNAM01.RMB-1215-building16.json,diep-138-00.json
TVRNAM02.RMB-567-building3.json,diep-421-00.json
TVRNAM02.RMB-567-building4.json,diep-209-02.json
TVRNAM02.RMB-567-building5.json,diep-340-00.json
TVRNAM02.RMB-567-building6.json,diep-337-01.json
TVRNAM02.RMB-567-building7.json,diep-209-04.json
TVRNAM02.RMB-567-building8.json,diep-211-01.json
TVRNAM02.RMB-567-building9.json,diep-213-04.json
TVRNAM02.RMB-567-building10.json,diep-214-00.json
TVRNAM02.RMB-567-building11.json,diep-215-00.json
TVRNAM02.RMB-567-building12.json,diep-421-00.json
TVRNAM02.RMB-567-building13.json,diep-211-03.json
TVRNAM02.RMB-567-building14.json,diep-213-04.json
TVRNAM03.RMB-1217-building2.json,diep-157-03.json
TVRNAM03.RMB-1217-building3.json,diep-161-02.json
TVRNAM03.RMB-1217-building4.json,diep-163-00.json
TVRNAM03.RMB-1217-building5.json,diep-201-07.json
TVRNAM03.RMB-1217-building6.json,diep-203-01.json
TVRNAM03.RMB-1217-building7.json,diep-156-00.json
TVRNAM03.RMB-1217-building8.json,diep-161-00.json
TVRNAM03.RMB-1217-building9.json,diep-163-00.json
TVRNAM03.RMB-1217-building10.json,diep-201-06.json
TVRNAM03.RMB-1217-building11.json,diep-203-01.json
TVRNAM03.RMB-1217-building12.json,diep-161-03.json
TVRNAM03.RMB-1217-building13.json,diep-201-05.json
TVRNAM03.RMB-1217-building14.json,diep-157-01.json
TVRNAM04.RMB-335-building2.json,diep-116-00.json
TVRNAM04.RMB-335-building3.json,diep-117-00.json
TVRNAM04.RMB-335-building4.json,diep-124-02.json
TVRNAM04.RMB-335-building5.json,diep-124-00.json
TVRNAM04.RMB-335-building6.json,diep-125-10.json
TVRNAM04.RMB-335-building7.json,diep-126-00.json
TVRNAM04.RMB-335-building9.json,diep-117-01.json
TVRNAM04.RMB-335-building10.json,diep-117-00.json
TVRNAM04.RMB-335-building11.json,diep-117-00.json
TVRNAM04.RMB-335-building13.json,diep-124-00.json
TVRNAM04.RMB-335-building14.json,diep-125-07.json
TVRNAM04.RMB-335-building15.json,diep-125-10.json
TVRNAM05.RMB-548-building0.json,diep-200-03.json
TVRNAM05.RMB-548-building1.json,diep-160-00.json
TVRNAM05.RMB-548-building2.json,diep-159-02.json
TVRNAM05.RMB-548-building3.json,diep-200-03.json
TVRNAM05.RMB-548-building4.json,diep-157-01.json
TVRNAM05.RMB-548-building5.json,diep-200-00.json
TVRNAM05.RMB-548-building6.json,diep-162-01.json
TVRNAM05.RMB-548-building7.json,diep-157-01.json
TVRNAM05.RMB-548-building8.json,diep-155-00.json
TVRNAM05.RMB-548-building9.json,diep-162-00.json
TVRNAM05.RMB-548-building10.json,diep-160-02.json
TVRNAM05.RMB-548-building11.json,diep-159-00.json
TVRNAM05.RMB-548-building12.json,diep-158-04.json
TVRNAM05.RMB-548-building13.json,diep-157-01.json
TVRNAM06.RMB-338-building1.json,diep-200-08.json
TVRNAM06.RMB-338-building2.json,diep-202-05.json
TVRNAM06.RMB-338-building3.json,diep-203-01.json
TVRNAM06.RMB-338-building4.json,diep-204-02.json
TVRNAM06.RMB-338-building5.json,diep-137-00.json
TVRNAM06.RMB-338-building6.json,diep-139-00.json
TVRNAM06.RMB-338-building7.json,diep-128-00.json
TVRNAM06.RMB-338-building8.json,diep-133-00.json
TVRNAM06.RMB-338-building9.json,diep-137-02.json
TVRNAM06.RMB-338-building10.json,diep-202-01.json
TVRNAM06.RMB-338-building11.json,diep-204-03.json
TVRNAM06.RMB-338-building12.json,diep-142-01.json
TVRNAM06.RMB-338-building13.json,diep-143-01.json
TVRNAM06.RMB-338-building14.json,diep-128-00.json
TVRNAM06.RMB-338-building16.json,diep-143-05.json
TVRNAM07.RMB-341-building2.json,diep-129-01.json
TVRNAM07.RMB-341-building3.json,diep-132-01.json
TVRNAM07.RMB-341-building4.json,diep-134-01.json
TVRNAM07.RMB-341-building5.json,diep-136-01.json
TVRNAM07.RMB-341-building6.json,diep-140-00.json
TVRNAM07.RMB-341-building7.json,diep-142-02.json
TVRNAM07.RMB-341-building8.json,diep-144-01.json
TVRNAM07.RMB-341-building9.json,diep-145-01.json
TVRNAM07.RMB-341-building10.json,diep-146-00.json
TVRNAM07.RMB-341-building11.json,diep-125-05.json
TVRNAM07.RMB-341-building12.json,diep-136-00.json
TVRNAM07.RMB-341-building13.json,diep-142-01.json
TVRNAM07.RMB-341-building14.json,diep-144-02.json
TVRNAM07.RMB-341-building15.json,diep-129-01.json
TVRNAM08.RMB-344-building1.json,diep-137-02.json
TVRNAM08.RMB-344-building2.json,diep-207-00.json
TVRNAM08.RMB-344-building3.json,diep-203-01.json
TVRNAM08.RMB-344-building4.json,diep-125-06.json
TVRNAM08.RMB-344-building5.json,diep-124-03.json
TVRNAM08.RMB-344-building6.json,diep-215-02.json
TVRNAM08.RMB-344-building7.json,diep-214-02.json
TVRNAM08.RMB-344-building8.json,diep-213-00.json
TVRNAM08.RMB-344-building9.json,diep-212-00.json
TVRNAM08.RMB-344-building10.json,diep-209-02.json
TVRNAM08.RMB-344-building11.json,diep-208-01.json
TVRNAM08.RMB-344-building12.json,diep-207-00.json
TVRNAM08.RMB-344-building13.json,diep-203-02.json
TVRNAM09.RMB-361-building2.json,diep-157-04.json
TVRNAM09.RMB-361-building3.json,diep-159-02.json
TVRNAM09.RMB-361-building4.json,diep-200-08.json
TVRNAM09.RMB-361-building5.json,diep-201-00.json
TVRNAM09.RMB-361-building6.json,diep-202-01.json
TVRNAM09.RMB-361-building7.json,diep-203-00.json
TVRNAM09.RMB-361-building8.json,diep-204-03.json
TVRNAM09.RMB-361-building9.json,diep-205-01.json
TVRNAM09.RMB-361-building10.json,diep-206-00.json
TVRNAM09.RMB-361-building11.json,diep-211-02.json
TVRNAM09.RMB-361-building12.json,diep-204-00.json
TVRNAM09.RMB-361-building13.json,diep-211-05.json
TVRNAM09.RMB-361-building14.json,diep-213-03.json
TVRNAM09.RMB-361-building15.json,diep-211-02.json
TVRNAM09.RMB-361-building16.json,diep-159-02.json
TVRNAM09.RMB-361-building17.json,diep-159-01.json
TVRNAS00.RMB-545-building0.json,diep-125-04.json
TVRNAS00.RMB-545-building2.json,diep-136-01.json
TVRNAS00.RMB-545-building3.json,diep-339-03.json
TVRNAS00.RMB-545-building4.json,diep-126-00.json
TVRNAS00.RMB-545-building5.json,diep-146-00.json
TVRNAS00.RMB-545-building6.json,diep-334-01.json
TVRNAS01.RMB-371-building0.json,diep-157-07.json
TVRNAS01.RMB-371-building1.json,diep-158-03.json
TVRNAS01.RMB-371-building2.json,diep-162-02.json
TVRNAS01.RMB-371-building3.json,diep-339-02.json
TVRNAS01.RMB-371-building4.json,diep-202-05.json
TVRNAS01.RMB-371-building5.json,diep-200-06.json
TVRNAS02.RMB-568-building2.json,diep-321-00.json
TVRNAS02.RMB-568-building3.json,diep-321-00.json
TVRNAS02.RMB-568-building4.json,diep-329-00.json
TVRNAS02.RMB-568-building5.json,diep-330-00.json
TVRNAS02.RMB-568-building6.json,diep-337-03.json
TVRNAS02.RMB-568-building7.json,diep-329-00.json
TVRNAS02.RMB-568-building8.json,diep-320-01.json
TVRNAS02.RMB-568-building9.json,diep-321-00.json
TVRNAS03.RMB-565-building0.json,diep-202-04.json
TVRNAS03.RMB-565-building1.json,diep-202-01.json
TVRNAS03.RMB-565-building2.json,diep-209-04.json
TVRNAS03.RMB-565-building3.json,diep-211-02.json
TVRNAS03.RMB-565-building4.json,diep-201-07.json
TVRNAS04.RMB-336-building2.json,diep-337-02.json
TVRNAS04.RMB-336-building3.json,diep-339-03.json
TVRNAS04.RMB-336-building4.json,diep-135-00.json
TVRNAS04.RMB-336-building6.json,diep-146-00.json
TVRNAS04.RMB-336-building7.json,diep-127-09.json
TVRNAS05.RMB-339-building1.json,diep-142-01.json
TVRNAS05.RMB-339-building2.json,diep-143-00.json
TVRNAS05.RMB-339-building3.json,diep-148-00.json
TVRNAS05.RMB-339-building4.json,diep-138-01.json
TVRNAS05.RMB-339-building5.json,diep-142-00.json
TVRNAS05.RMB-339-building6.json,diep-128-00.json
TVRNAS05.RMB-339-building7.json,diep-138-01.json
TVRNAS06.RMB-342-building0.json,diep-125-00.json
TVRNAS06.RMB-342-building1.json,diep-129-00.json
TVRNAS06.RMB-342-building2.json,diep-334-01.json
TVRNAS06.RMB-342-building3.json,diep-334-00.json
TVRNAS06.RMB-342-building4.json,diep-200-01.json
TVRNAS06.RMB-342-building5.json,diep-146-01.json
TVRNAS07.RMB-345-building0.json,diep-211-07.json
TVRNAS07.RMB-345-building1.json,diep-154-00.json
TVRNAS07.RMB-345-building3.json,diep-202-02.json
TVRNAS07.RMB-345-building4.json,diep-162-03.json
TVRNAS07.RMB-345-building5.json,diep-156-05.json
TVRNAS07.RMB-345-building6.json,diep-212-01.json
TVRNAS07.RMB-345-building7.json,diep-200-07.json
TVRNAS07.RMB-345-building8.json,diep-146-00.json
TVRNAS08.RMB-362-building0.json,diep-141-03.json
TVRNAS08.RMB-362-building1.json,diep-141-03.json
TVRNAS08.RMB-362-building2.json,diep-135-01.json
TVRNAS08.RMB-362-building3.json,diep-128-00.json
TVRNAS08.RMB-362-building4.json,diep-131-02.json
TVRNAS08.RMB-362-building5.json,diep-145-00.json
TVRNAS08.RMB-362-building6.json,diep-143-02.json
TVRNAS08.RMB-362-building7.json,diep-137-00.json
TVRNAS09.RMB-369-building1.json,diep-157-04.json
TVRNAS09.RMB-369-building2.json,diep-159-01.json
TVRNAS09.RMB-369-building3.json,diep-200-07.json
TVRNAS09.RMB-369-building4.json,diep-201-01.json
TVRNAS09.RMB-369-building5.json,diep-203-02.json
TVRNAS09.RMB-369-building6.json,diep-204-02.json
TVRNAS09.RMB-369-building7.json,diep-205-00.json
TVRNAS09.RMB-369-building8.json,diep-206-00.json
TVRNAS09.RMB-369-building9.json,diep-211-04.json
TVRNAS09.RMB-369-building10.json,diep-211-03.json
TVRNAS09.RMB-369-building11.json,diep-159-01.json
TVRNBM00.RMB-854-building0.json,diep-709-05.json
TVRNBM00.RMB-854-building1.json,diep-708-00.json
TVRNBM00.RMB-854-building2.json,diep-709-01.json
TVRNBM00.RMB-854-building3.json,diep-709-00.json
TVRNBM00.RMB-854-building4.json,diep-709-01.json
TVRNBM00.RMB-854-building5.json,diep-709-06.json
TVRNBM00.RMB-854-building6.json,diep-704-02.json
TVRNBM00.RMB-854-building9.json,diep-704-01.json
TVRNBM00.RMB-854-building10.json,diep-704-00.json
TVRNBM01.RMB-1213-building0.json,diep-708-02.json
TVRNBM01.RMB-1213-building1.json,diep-709-00.json
TVRNBM01.RMB-1213-building2.json,diep-708-02.json
TVRNBM01.RMB-1213-building3.json,diep-709-02.json
TVRNBM01.RMB-1213-building4.json,diep-709-03.json
TVRNBM02.RMB-1219-building0.json,diep-707-04.json
TVRNBM02.RMB-1219-building1.json,diep-707-00.json
TVRNBM02.RMB-1219-building2.json,diep-707-02.json
TVRNBM02.RMB-1219-building3.json,diep-702-00.json
TVRNBM02.RMB-1219-building4.json,diep-702-00.json
TVRNBM02.RMB-1219-building5.json,diep-702-00.json
TVRNBM02.RMB-1219-building6.json,diep-702-00.json
TVRNBM03.RMB-288-building0.json,diep-708-02.json
TVRNBM03.RMB-288-building1.json,diep-709-00.json
TVRNBM03.RMB-288-building2.json,diep-708-02.json
TVRNBM03.RMB-288-building3.json,diep-708-00.json
TVRNBM04.RMB-13-building0.json,diep-708-02.json
TVRNBM04.RMB-13-building1.json,diep-707-05.json
TVRNBM04.RMB-13-building2.json,diep-707-03.json
TVRNBM04.RMB-13-building4.json,diep-702-00.json
TVRNBS00.RMB-274-building0.json,diep-709-04.json
TVRNBS00.RMB-274-building1.json,diep-708-02.json
TVRNBS00.RMB-274-building2.json,diep-606-01.json
TVRNBS01.RMB-794-building0.json,diep-610-00.json
TVRNBS01.RMB-794-building1.json,diep-610-00.json
TVRNBS02.RMB-276-building0.json,diep-560-00.json
TVRNBS02.RMB-276-building1.json,diep-562-00.json
TVRNBS02.RMB-276-building2.json,diep-552-00.json
TVRNBS03.RMB-277-building0.json,diep-548-01.json
TVRNBS04.RMB-278-building0.json,diep-549-00.json
TVRNBS04.RMB-278-building1.json,diep-546-00.json
TVRNGM00.RMB-376-building0.json,diep-709-01.json
TVRNGM00.RMB-376-building1.json,diep-708-02.json
TVRNGM00.RMB-376-building2.json,diep-709-05.json
TVRNGM00.RMB-376-building3.json,diep-709-04.json
TVRNGM00.RMB-376-building4.json,diep-709-02.json
TVRNGM00.RMB-376-building5.json,diep-709-03.json
TVRNGM00.RMB-376-building6.json,diep-704-02.json
TVRNGM00.RMB-376-building9.json,diep-704-00.json
TVRNGM00.RMB-376-building10.json,diep-704-01.json
TVRNGM01.RMB-98-building0.json,diep-708-02.json
TVRNGM01.RMB-98-building1.json,diep-709-02.json
TVRNGM01.RMB-98-building2.json,diep-708-02.json
TVRNGM01.RMB-98-building3.json,diep-709-06.json
TVRNGM01.RMB-98-building4.json,diep-709-04.json
TVRNGM02.RMB-99-building0.json,diep-707-00.json
TVRNGM02.RMB-99-building1.json,diep-707-05.json
TVRNGM02.RMB-99-building2.json,diep-707-02.json
TVRNGM02.RMB-99-building3.json,diep-702-01.json
TVRNGM02.RMB-99-building4.json,diep-702-01.json
TVRNGM02.RMB-99-building5.json,diep-702-01.json
TVRNGM02.RMB-99-building6.json,diep-702-00.json
TVRNGM03.RMB-92-building0.json,diep-708-01.json
TVRNGM03.RMB-92-building1.json,diep-709-02.json
TVRNGM03.RMB-92-building2.json,diep-708-02.json
TVRNGM03.RMB-92-building3.json,diep-708-01.json
TVRNGM04.RMB-768-building0.json,diep-708-02.json
TVRNGM04.RMB-768-building1.json,diep-707-00.json
TVRNGM04.RMB-768-building2.json,diep-707-00.json
TVRNGM04.RMB-768-building4.json,diep-702-01.json
TVRNGS00.RMB-94-building0.json,diep-709-01.json
TVRNGS00.RMB-94-building1.json,diep-708-00.json
TVRNGS00.RMB-94-building2.json,diep-606-00.json
TVRNGS01.RMB-29-building0.json,diep-610-00.json
TVRNGS01.RMB-29-building1.json,diep-610-00.json
TVRNGS02.RMB-761-building0.json,diep-560-00.json
TVRNGS02.RMB-761-building1.json,diep-562-00.json
TVRNGS02.RMB-761-building2.json,diep-552-00.json
TVRNGS03.RMB-31-building0.json,diep-548-01.json
TVRNGS04.RMB-32-building0.json,diep-549-00.json
TVRNGS04.RMB-32-building1.json,diep-546-00.json
WEAPAS00.RMB-95-building0.json,diep-329-00.json
WEAPAS00.RMB-95-building1.json,diep-321-00.json
WEAPAS00.RMB-95-building2.json,diep-320-00.json
WEAPAS00.RMB-95-building3.json,diep-329-00.json
WEAPAS00.RMB-95-building4.json,diep-326-00.json
WEAPAS00.RMB-95-building6.json,diep-321-00.json
WEAPAS01.RMB-373-building1.json,diep-211-03.json
WEAPAS01.RMB-373-building2.json,diep-212-03.json
WEAPAS01.RMB-373-building3.json,diep-214-01.json
WEAPAS01.RMB-373-building4.json,diep-117-01.json
WEAPAS01.RMB-373-building5.json,diep-116-00.json
WEAPAS01.RMB-373-building6.json,diep-125-08.json
WEAPAS01.RMB-373-building7.json,diep-211-02.json
WEAPAS01.RMB-373-building8.json,diep-214-02.json
WEAPAS02.RMB-286-building1.json,diep-116-00.json
WEAPAS02.RMB-286-building2.json,diep-117-01.json
WEAPAS02.RMB-286-building3.json,diep-130-02.json
WEAPAS02.RMB-286-building4.json,diep-129-01.json
WEAPAS02.RMB-286-building5.json,diep-141-02.json
WEAPAS02.RMB-286-building6.json,diep-116-00.json
WEAPAS02.RMB-286-building7.json,diep-136-02.json
WEAPBS00.RMB-719-building3.json,diep-606-00.json
WEAPBS00.RMB-719-building4.json,diep-606-01.json
WEAPBS01.RMB-172-building1.json,diep-605-00.json
WEAPBS01.RMB-172-building3.json,diep-559-01.json
WEAPBS01.RMB-172-building4.json,diep-546-00.json
WEAPBS01.RMB-172-building5.json,diep-546-00.json
WEAPBS01.RMB-172-building6.json,diep-559-00.json
WEAPGS00.RMB-126-building3.json,diep-606-01.json
WEAPGS00.RMB-126-building4.json,diep-606-00.json
WEAPGS01.RMB-104-building1.json,diep-605-00.json
WEAPGS01.RMB-104-building3.json,diep-559-01.json
WEAPGS01.RMB-104-building4.json,diep-546-00.json
WEAPGS01.RMB-104-building5.json,diep-546-00.json
WEAPGS01.RMB-104-building6.json,diep-559-00.json
